name,datepublished ,author,description,gameplatform ,genre,aggregaterating 
Elden Ring,"Feb 25, 2022","FromSoftware, Bandai Namco Entertainment","Elden Ring is a fantasy, action and open world game with RPG elements such as stats, weapons and spells. Rise, Tarnished, and be guided by grace to brandish the power of the Elden Ring and become an Elden Lord in the Lands Between.","Windows PC, PlayStation 4, Xbox One, PlayStation 5, Xbox Series","Adventure, RPG",4.5
The Legend of Zelda: Breath of the Wild,"Mar 03, 2017","Nintendo, Nintendo EPD Production Group No. 3","The Legend of Zelda: Breath of the Wild is the first 3D open-world game in the Zelda series. Link can travel anywhere and be equipped with weapons and armor found throughout the world to grant him various bonuses. Unlike many games in the series, Breath of the Wild does not impose a specific order in which quests or dungeons must be completed. While the game still has environmental obstacles such as weather effects, inhospitable lands, or powerful enemies, many of them can be overcome using the right method. A lot of critics ranked Breath of the Wild as one of the best video games of all time.","Wii U, Nintendo Switch","Adventure, Puzzle",4.4
Hades,"Dec 07, 2018",Supergiant Games,"A rogue-lite hack and slash dungeon crawler in which Zagreus, son of Hades the Greek god of the dead, attempts to escape his home and his oppressive father by fighting the souls of the dead through the various layers of the ever-shifting underworld, while getting to know and forging relationships with its inhabitants.","Windows PC, Mac, PlayStation 4, Xbox One, PlayStation 5, Nintendo Switch, Xbox Series","Adventure, Brawler, Indie, RPG",4.3
Hollow Knight,"Feb 24, 2017",Team Cherry,"A 2D metroidvania with an emphasis on close combat and exploration in which the player enters the once-prosperous now-bleak insect kingdom of Hallownest, travels through its various districts, meets friendly inhabitants, fights hostile ones and uncovers the kingdom's history while improving their combat abilities and movement arsenal by fighting bosses and accessing out-of-the-way areas.","Windows PC, Mac, Linux, Nintendo Switch","Adventure, Indie, Platform",4.4
Undertale,"Sep 15, 2015","tobyfox, 8-4","A small child falls into the Underground, where monsters have long been banished by humans and are hunting every human that they find. The player controls the child as they try to make it back to the Surface through hostile environments, all the while engaging with a turn-based combat system with puzzle-solving and bullet hell elements, as well as other unconventional game mechanics.","Windows PC, Mac, Linux, PlayStation 4, Xbox One, PlayStation Vita, Nintendo Switch","Adventure, Indie, RPG, Turn Based Strategy",4.2
Minecraft,"Nov 18, 2011",Mojang Studios,"Minecraft focuses on allowing the player to explore, interact with, and modify a dynamically-generated map made of one-cubic-meter-sized blocks. In addition to blocks, the environment features plants, mobs, and items. Some activities in the game include mining for ore, fighting hostile mobs, and crafting new blocks and tools by gathering various resources found in the game. The game's open-ended model allows players to create structures, creations, and artwork on various multiplayer servers or their single-player maps. Other features include redstone circuits for logic computations and remote actions, minecarts and tracks, and a mysterious underworld called the Nether. A designated but completely optional goal of the game is to travel to a dimension called the End, and defeat the ender dragon.","Windows PC, Mac, Linux","Adventure, Simulator",4.3
Omori,"Dec 25, 2020","OMOCAT, PLAYISM","A turn-based surreal horror RPG in which a child traverses various mundane, quirky, humourous, mysterious and horrific lands with his friends in search of a missing person while confronting his past and his fears. Explore a strange world full of colorful friends and foes. When the time comes, the path you’ve chosen will determine your fate... and perhaps the fate of others as well.","Windows PC, Mac, PlayStation 4, Xbox One, Nintendo Switch, Xbox Series","Adventure, Indie, RPG, Turn Based Strategy",4.1
The Legend of Zelda: Tears of the Kingdom,"May 12, 2023",Nintendo,The Legend of Zelda: Tears of the Kingdom is the sequel to The Legend of Zelda: Breath of the Wild. The setting for Link’s adventure has been expanded to include the skies above the vast lands of Hyrule.,Nintendo Switch,Adventure,4.6
Resident Evil 4,"Mar 24, 2023","Capcom, Capcom Development Division 1","Resident Evil 4 is a remake of the 2005 original Resident Evil 4 reimagined for 2023 to bring state-of-the-art survival horror. Resident Evil 4 preserves the essence of the original game, while introducing modernized gameplay, a reimagined storyline,
and vividly detailed graphics to make this the latest survival horror game where life and death, terror and catharsis intersect.","Windows PC, PlayStation 4, PlayStation 5, Xbox Series","Adventure, Puzzle, Shooter",4.6
NieR: Automata,"Feb 23, 2017","PlatinumGames, Square Enix","NieR: Automata tells the story of androids 2B, 9S and A2 and their battle to reclaim the machine-driven dystopia overrun by powerful machines.","Windows PC, PlayStation 4","Brawler, RPG",4.3
Persona 5 Royal,"Oct 31, 2019","Atlus USA, Atlus",An enhanced version of Persona 5 with some new characters and a third semester added to the game. Released Internationally in 2020.,"Windows PC, PlayStation 4, Xbox One, PlayStation 5, Nintendo Switch, Xbox Series","Adventure, RPG, Turn Based Strategy",4.4
Among Us,"Jun 15, 2018",Innersloth,"Play with 4-15 player online or via local WiFi as you attempt to prepare your spaceship for departure, but beware as one or more random players among the Crew are Impostors bent on killing everyone!
Originally created as a party game, we recommend playing with friends at a LAN party or online using voice chat. Enjoy cross-platform play between Android, iOS, PC, and console.","Windows PC, Android, PlayStation 4, iOS, Xbox One, PlayStation 5, Nintendo Switch, Xbox Series","Indie, Strategy",3.0
Metroid Dread,"Oct 07, 2021","Nintendo, MercurySteam","Join intergalactic bounty hunter Samus Aran in her first new 2D Metroid story in 19 years. Samus’ story continues after the events of the Metroid Fusion game when she descends upon planet ZDR to investigate a mysterious transmission sent to the Galactic Federation. The remote planet has become overrun by vicious alien lifeforms and chilling mechanical menaces. Samus is more agile and capable than ever, but can she overcome the inhuman threat stalking the depths of ZDR?",Nintendo Switch,"Adventure, Platform",4.2
Portal 2,"Apr 18, 2011","Electronic Arts, Valve","Sequel to the acclaimed Portal (2007), Portal 2 pits the protagonist of the original game, Chell, and her new robot friend, Wheatley, against more puzzles conceived by GLaDOS, an A.I. with the sole purpose of testing the Portal Gun's mechanics and taking revenge on Chell for the events of Portal. As a result of several interactions and revelations, Chell once again pushes to escape Aperture Science Labs.","Windows PC, Mac, Xbox 360, Linux, PlayStation 3","Adventure, Platform, Puzzle, Shooter",4.4
God of War,"Apr 20, 2018","Sony Interactive Entertainment, SIE Santa Monica Studio","God of War is the sequel to God of War III as well as a continuation of the canon God of War chronology. Unlike previous installments, this game focuses on Norse mythology and follows an older and more seasoned Kratos and his son Atreus in the years since the third game. It is in this harsh, unforgiving world that he must fight to survive… and teach his son to do the same.","Windows PC, PlayStation 4","Adventure, Brawler, RPG",4.2
Hi-Fi Rush,"Jan 25, 2023","Bethesda Softworks, Tango Gameworks","As wannabe rockstar Chai, you’ll fight back against a sinister robotics enhancement conglomerate using rhythm-amplified combat where everything – from the motion in the environment to the blows of combat – is synced to the music.","Windows PC, Xbox Series","Adventure, Brawler, Music, Platform",4.3
Celeste,"Jan 25, 2018","Maddy Makes Games, Extremely OK Games","Help Madeline survive her inner demons on her journey to the top of Celeste Mountain, in this super-tight platformer from the creators of TowerFall. Brave hundreds of hand-crafted challenges, uncover devious secrets, and piece together the mystery of the mountain.","Windows PC, Mac, Linux, PlayStation 4, Xbox One, Nintendo Switch, Google Stadia","Adventure, Indie, Platform",4.2
Bloodborne,"Mar 24, 2015","FromSoftware, Sony Computer Entertainment","An action RPG in which the player embodies a Hunter who, after being transfused with the mysterious blood local to the city of Yharnam, sets off into a ""night of the Hunt"", an extended night in which Hunters may phase in and out of dream and reality in order to thin the outbreak of abominable beasts that plague the land and, for the more resilient and insightful Hunters, uncover the answers to the Hunt's many mysteries.",PlayStation 4,"Adventure, RPG",4.5
Stray,"Jul 19, 2022","Annapurna Interactive, BlueTwelve Studio","Lost, alone, and separated from family, a stray cat must untangle an ancient mystery to escape a long-forgotten cybercity and find the way home.","Windows PC, Mac, PlayStation 4, PlayStation 5","Adventure, Indie",3.7
Yakuza 0,"Mar 12, 2015","Ryū Ga Gotoku Studios, Sega","The glitz, glamour, and unbridled decadence of the 80s are back! Yakuza 0 is a prequel set in 1988 to the Yakuza series, taking place before the first game. Fight like hell through Tokyo and Osaka with protagonist Kazuma Kiryu and series regular Goro Majima. Play as Kazuma Kiryu and discover how he finds himself in a world of trouble when a simple debt collection goes wrong and his mark winds up murdered. Then, step into the silver-toed shoes of Goro Majima and explore his “normal” life as the proprietor of a cabaret club.","Windows PC, PlayStation 4, PlayStation 3, Xbox One","Adventure, Brawler, RPG, Simulator",4.4
Red Dead Redemption 2,"Oct 26, 2018","Take-Two Interactive, Rockstar Games","Red Dead Redemption 2 is the epic tale of outlaw Arthur Morgan and the infamous Van der Linde gang, on the run across America at the dawn of the modern age.","Windows PC, PlayStation 4, Xbox One, Google Stadia","Adventure, RPG, Shooter",4.4
Super Mario Odyssey,"Oct 27, 2017",Nintendo,"Explore incredible places far from the Mushroom Kingdom as you join Mario and his new ally Cappy on a massive, globe-trotting 3D adventure. Use amazing new abilities, like the power to capture and control objects, animals, and enemies to collect Power Moons so you can power up the Odyssey airship and save Princess Peach from Bowser’s wedding plans!",Nintendo Switch,"Adventure, Platform",4.2
Portal,"Oct 10, 2007","Electronic Arts, Valve","Waking up in a seemingly empty laboratory, the player is made to complete various physics-based puzzle challenges through numerous test chambers in order to test out the new Aperture Science Handheld Portal Device, without an explanation as to how, why or by whom.","Windows PC, Android, Mac, Xbox 360, Linux, PlayStation 3","Platform, Puzzle, Shooter",4.1
Grand Theft Auto V,"Sep 17, 2013","Rockstar North, Rockstar Games","Grand Theft Auto V is a vast open world game set in Los Santos, a sprawling sun-soaked metropolis struggling to stay afloat in an era of economic uncertainty and cheap reality TV. The game blends storytelling and gameplay in new ways as players repeatedly jump in and out of the lives of the game’s three lead characters, playing all sides of the game’s interwoven story.","Windows PC, Xbox 360, PlayStation 4, PlayStation 3, Xbox One","Adventure, Shooter",3.8
Metal Gear Rising: Revengeance,"Feb 19, 2013","Konami, PlatinumGames","Developed by Kojima Productions and PlatinumGames, Metal Gear Rising: Revengeance takes the renowned Metal Gear franchise into exciting new territory with an all-new action experience. The game seamlessly melds pure action and epic story-telling that surrounds Raiden – a child soldier transformed into a half-human, half-cyborg ninja who uses his High Frequency katana blade to cut through any thing that stands in his vengeful path!
A huge success on both Xbox 360 and PlayStation3, Metal Gear Rising: Revengeance comes to PC with all the famed moves and action running within a beautifully-realized HD environment.
This new PC version includes all three DLC missions: Blade Wolf, Jetstream, and VR Missions, in addition to all customized body upgrades for Raiden, including: White Armor, Inferno Armor, Commando Armor, Raiden’s MGS4 body, and the ever-popular Cyborg Ninja.
""CUTSCENES"" option added to the Main Menu. Play any and all cutscenes.
""CODECS"" option added to the Main Menu. Play all and any codec conversation scenes.
Menu option added to the CHAPTER Menu enabling user to play only the Boss battles.
""GRAPHIC OPTIONS"" added to the OPTIONS Menu. Modify resolution, anti-aliasing, etc.
There is an option reading ""ZANGEKI"" that will modify the amount of cuts you can make.","Windows PC, Mac, Xbox 360, PlayStation 3","Adventure, Brawler, Shooter, Strategy",4.1
Cyberpunk 2077,"Dec 09, 2020",CD Projekt RED,"Cyberpunk 2077 is an open-world, action-adventure story set in Night City, a megalopolis obsessed with power, glamour and body modification. You play as V, a mercenary outlaw going after a one-of-a-kind implant that is the key to immortality. You can customize your character’s cyberware, skillset and playstyle, and explore a vast city where the choices you make shape the story and the world around you.","Windows PC, PlayStation 4, Xbox One, PlayStation 5, Google Stadia, Xbox Series","Adventure, RPG, Shooter",3.4
God of War Ragnarök,"Nov 09, 2022","SIE Santa Monica Studio, Sony Interactive Entertainment","God of War: Ragnarök is the ninth installment in the God of War series and the sequel to 2018's God of War. Continuing with the Norse mythology theme, the game is set in ancient Norway and feature series protagonists Kratos, the former Greek God of War, and his young son Atreus. The game is expected to kick off the events of Ragnarök, where Kratos and Atreus must journey to each of the Nine Realms in search of answers as they prepare for the prophesied battle that will end the world.","PlayStation 4, PlayStation 5","Adventure, Brawler",4.4
Pokémon Legends: Arceus,"Jan 28, 2022","Nintendo, Game Freak","The Pokémon Legends: Arceus game honors past Pokémon games’ core gameplay while infusing new action and RPG elements.
You’ll need to catch, survey, and research wild Pokémon in a long-gone era of the Sinnoh region to create and complete the region’s first Pokédex.",Nintendo Switch,"Adventure, RPG, Turn Based Strategy",3.7
Marvel's Spider-Man,"Sep 07, 2018","Sony Interactive Entertainment, Insomniac Games","Starring the world’s most iconic Super Hero, Spider-Man features the acrobatic abilities, improvisation and web-slinging that the wall-crawler is famous for, while also introducing elements never-before-seen in a Spider-Man game. From traversing with parkour and utilizing the environment, to new combat and blockbuster set pieces, it’s Spider-Man unlike any you’ve played before.",PlayStation 4,"Adventure, Brawler",4.1
Disco Elysium: The Final Cut,"Mar 30, 2021",ZA/UM,"Disco Elysium: The Final Cut is a groundbreaking role playing game. You’re a detective with a unique skill system at your disposal and a whole city to carve your path across. Interrogate unforgettable characters, crack murders or take bribes. Become a hero or an absolute disaster of a human being. The Final Cut adds full voice acting to the game, as well as new quests, more characters and fresh explorable areas.","Windows PC, Mac, PlayStation 4, Xbox One, PlayStation 5, Nintendo Switch, Google Stadia, Xbox Series","Adventure, Indie, RPG",4.6
Dark Souls III,"Mar 24, 2016","Bandai Namco Entertainment, FromSoftware","Dark Souls continues to push the boundaries with the latest, ambitious chapter in the critically-acclaimed and genre-defining series. Prepare yourself and embrace the darkness!","Windows PC, PlayStation 4, Xbox One","Adventure, RPG",4.2
Xenoblade Chronicles 3,"Jul 29, 2022","Nintendo, Monolith Soft","A vast world awaits in Xenoblade Chronicles 3, the next game in the acclaimed RPG series from developer Monolithsoft. Players will step into the roles of protagonists Noah and Mio amid turmoil between the hostile nations of Keves and Agnus. Six characters hailing from those nations will take part in a grand tale with “life” as its central theme. Explore a new world that will connect the futures of both Xenoblade Chronicles and Xenoblade Chronicles 2.",Nintendo Switch,"Adventure, RPG",4.4
Super Mario 64,"Jun 23, 1996","Nintendo EAD, Nintendo","The first three dimensional entry in the Mario franchise, Super Mario 64 follows Mario as he puts his broadened 3D movement arsenal to use in order to rescue Princess Peach from the clutches of his arch rival Bowser. Mario has to jump into worlds-within-paintings ornamenting the walls of Peach's castle, uncover secrets and hidden challenges and collect golden stars as reward for platforming trials.","Wii U, Wii, Nintendo 64","Adventure, Platform",4.1
Cuphead,"Sep 29, 2017",Studio MDHR,"Cuphead is a classic run and gun action game heavily focused on boss battles. Inspired by cartoons of the 1930s, the visuals and audio are painstakingly created with the same techniques of the era, i.e. traditional cel animation (hand drawn & hand inked!), watercolor backgrounds, and original jazz recordings. Play as Cuphead or Mugman (in single player or co-op) as you traverse strange worlds, acquire new weapons, learn powerful super moves, and discover hidden secrets. Cuphead is all action, all the time.","Windows PC, Mac, PlayStation 4, Xbox One, Nintendo Switch","Arcade, Indie, Platform, Shooter",4.1
Kirby and the Forgotten Land,"Mar 25, 2022","Nintendo, HAL Laboratory","Join Kirby in an unforgettable journey through a mysterious world in a delightful 3D platforming adventure. Take control of the powerful pink puffball, Kirby, and move around freely in 3D stages as you discover a mysterious world with abandoned structures from a past civilization - like a shopping mall?! Copy enemies’ abilities like Sword and Ice and use them to attack and explore your surroundings! What journey awaits Kirby? Take a deep breath and get ready for an unforgettable adventure!",Nintendo Switch,"Adventure, Platform",4.1
Super Smash Bros. Ultimate,"Dec 07, 2018","Bandai Namco Studios, Nintendo","Legendary game worlds and fighters collide in the ultimate showdown—a new entry in the Super Smash Bros. series for the Nintendo Switch system! New fighters, like Inkling from the Splatoon series and Ridley from the Metroid series, make their Super Smash Bros. series debut alongside every Super Smash Bros. fighter in the series…EVER! Faster combat, new items, new attacks, new defensive options, and more will keep the battle raging whether you’re at home or on the go.",Nintendo Switch,"Fighting, Platform",4.1
Sekiro: Shadows Die Twice,"Mar 22, 2019","FromSoftware, Activision","Enter a dark and brutal new gameplay experience from the creators of Bloodborne and the Dark Souls series. Sekiro: Shadows Die Twice is an intense, third-person, action-adventure set against the bloody backdrop of 14th-century Japan. Step into the role of a disgraced warrior brought back from the brink of death whose mission is to rescue his master and exact revenge on his arch nemesis.
Take Revenge. Restore Your Honor. Kill Ingeniously.","Windows PC, PlayStation 4, Xbox One, Google Stadia","Adventure, Brawler",4.4
NieR Replicant ver.1.22474487139...,"Apr 22, 2021","Toylogic, Square Enix","NieR Replicant ver.1.22474487139... is an updated version of NieR Replicant, previously only released in Japan. Discover the one-of-a-kind prequel to the critically-acclaimed masterpiece NieR: Automata. Now with a modern upgrade, experience masterfully revived visuals, a fascinating storyline and more!","Windows PC, PlayStation 4, Xbox One","Adventure, RPG",4.2
Resident Evil 2,"Jan 25, 2019","Capcom, Capcom Development Division 1","Resident Evil 2 is a remake of 1998's Resident Evil 2. The game was not developed with the intent of improving the original, but rather a reimagining of the original story with redesigned maps, characters and story elements. Gameplay mechanics are more similar to Resident Evil 7: Biohazard though with the use of an over-the-shoulder camera.","Windows PC, PlayStation 4, Xbox One, PlayStation 5, Xbox Series","Adventure, Shooter",4.3
Final Fantasy VII,"Jan 31, 1997","Square Enix, Square","Final Fantasy VII is the seventh main installment in the Final Fantasy series, and was the first title to feature three-dimensional graphics, pre-rendered backgrounds and numerous full motion videos.
The gameplay is a departure from previous entries in the series in many ways. Though it retains the Active Time Battle pseudo-turn based menu command system, FFVII features three party members rather than four. The Materia system allows the player to customize each party member's abilities to their liking, and the Limit system grants them unique combat skills.
Though minigames had been a recurring feature, FFVII introduces numerous new ones, many of them playable in the theme park Gold Saucer varying from racing with Chocobos to snowboarding.","Android, PlayStation 3, PlayStation, PlayStation Vita, PlayStation Portable","Adventure, RPG, Turn Based Strategy",4.2
Signalis,"Oct 27, 2022","rose-engine, Humble Games","Signalis is a classic survival horror experience with a unique aesthetic, full of melancholic mystery. Investigate a dark secret, solve puzzles, fight off nightmarish creatures and navigate dystopian, surreal retrotech worlds as Elster, a technician Replika searching for her lost dreams.","Windows PC, PlayStation 4, Xbox One, Nintendo Switch, Xbox Series","Adventure, Indie",4.2
Genshin Impact,"Sep 28, 2020","miHoYo, HoYoverse","Genshin Impact is an open-world action RPG, where you embark on a journey across Teyvat to find your lost sibling and seek answers from The Seven, the gods of each element. Explore this wondrous world, join forces with a diverse range of characters, and unravel the countless mysteries that Teyvat holds...","Windows PC, Android, PlayStation 4, iOS, PlayStation 5","Adventure, RPG",2.6
Persona 4 Golden,"Jun 15, 2012","NIS America, Atlus","An enhanced rerelease of Shin Megami Tensei: Persona 4 (2008) featuring quality-of-life improvements, gameplay enhancements, new locations, balance tweaks, online functionality, new difficulty options, an additional side character storyline and a changed endgame.",PlayStation Vita,"Adventure, RPG, Visual Novel",4.2
Resident Evil Village,"May 06, 2021",Capcom,"Resident Evil Village is a first person survival horror and the sequel to Resident Evil 7: Biohazard. The game maintains elements from previous Resident Evil games with players having to scavenge environments for items and manage their resources. However, it adds more action-oriented gameplay, with higher enemy counts and a greater emphasis on combat.","Windows PC, Mac, PlayStation 4, Xbox One, PlayStation 5, Google Stadia, Xbox Series, Playstation VR2","Adventure, Shooter",3.9
Outer Wilds,"May 28, 2019","Mobius Digital, Annapurna Interactive","Outer Wilds is a critically-acclaimed and award-winning open world mystery about a solar system trapped in an endless time loop. The newest member of the space program in a small village on the planet Timber Hearth, the player navigates a space shuttle and travels across their solar system to get to the bottom of its mysteries by exploring the cosmos and gathering the knowledge hidden within each of the system's planets, left behind by another civilization in the distant past.","Windows PC, PlayStation 4, Xbox One, PlayStation 5, Nintendo Switch, Xbox Series","Adventure, Indie, Puzzle, Simulator",4.6
Fallout: New Vegas,"Oct 19, 2010","Bethesda Softworks, Obsidian Entertainment","In this first-person Western RPG, the player takes on the role of Courier 6, barely surviving after being robbed of their cargo, shot and put into a shallow grave by a New Vegas mob boss. The Courier sets out to track down their robbers and retrieve their cargo, and winds up getting tangled in the complex ideological and socioeconomic web of the many factions and settlements of post-nuclear Nevada.","Windows PC, Xbox 360, PlayStation 3","RPG, Shooter",4.3
Super Mario Galaxy,"Nov 01, 2007","Nintendo, Nintendo EAD","A 3D platformer and first Wii entry in the Super Mario franchise, Super Mario Galaxy sees Mario jump across planets and galaxies with varying items, enemies, geographies and gravity mechanics in order to reach his enemy Bowser, who has attacked the Mushroom Kingdom and hijacked Princess Peach's castle with her inside.",Wii,"Adventure, Platform",4.3
Doom,"May 12, 2016","Bethesda Softworks, id Software","Developed by id software, the studio that pioneered the first-person shooter genre and created multiplayer Deathmatch, Doom returns as a brutally fun and challenging modern-day shooter experience. Relentless demons, impossibly destructive guns, and fast, fluid movement provide the foundation for intense, first-person combat – whether you’re obliterating demon hordes through the depths of Hell in the single-player campaign, or competing against your friends in numerous multiplayer modes. Expand your gameplay experience using Doom SnapMap game editor to easily create, play, and share your content with the world.","Windows PC, PlayStation 4, Xbox One","Puzzle, Shooter",4.0
Stardew Valley,"Feb 26, 2016","ConcernedApe, Chucklefish Games","Stardew Valley is an open-ended country-life RPG! You’ve inherited your grandfather’s old farm plot in Stardew Valley. Armed with hand-me-down tools and a few coins, you set out to begin your new life. Can you learn to live off the land and turn these overgrown fields into a thriving home? It won’t be easy. Ever since Joja Corporation came to town, the old ways of life have all but disappeared. The community center, once the town’s most vibrant hub of activity, now lies in shambles. But the valley seems full of opportunity. With a little dedication, you might just be the one to restore Stardew Valley to greatness!","Windows PC, Android, Mac, Linux, PlayStation 4, iOS, Xbox One, PlayStation Vita, Nintendo Switch","Indie, RPG, Simulator, Strategy",4.1
Silent Hill 2,"Sep 24, 2001","Konami, Team Silent","The second entry in the Silent Hill franchise, Silent Hill 2 is a narrative-focused third-person psychological horror game with exploration and puzzle-solving elements which follows James Sunderland, a man who receives a letter, seemingly sent by his three-years-deceased wife Mary, in which he is beckoned to the fog-ridden town of Silent Hill at the same time as numerous other people troubled by their past.",PlayStation 2,"Adventure, Puzzle",4.5
The Last of Us Part II,"Jun 19, 2020","Naughty Dog, Sony Interactive Entertainment","The Last of Us Part II is an action-adventure game set five years after the events of The Last of Us. The player traverses post-apocalyptic environments such as buildings and forests to advance the story. He can use firearms, improvised weapons, and stealth to defend against hostile humans and cannibalistic creatures infected by a mutated strain of the Cordyceps fungus. The game intermittently switches control between Ellie and Abby, and also briefly Joel in the opening sequence. The nimble nature of the player character introduces platforming elements, allowing the player to jump and climb to traverse environments and gain advantages during combat.",PlayStation 4,"Adventure, Shooter",4.1
The Witcher 3: Wild Hunt,"May 19, 2015","CD Projekt RED, Spike ChunSoft","RPG and sequel to The Witcher 2 (2011), The Witcher 3 follows witcher Geralt of Rivia as he seeks out his former lover and his young subject while intermingling with the political workings of the wartorn Northern Kingdoms. Geralt has to fight monsters and deal with people of all sorts in order to solve complex problems and settle contentious disputes, each ranging from the personal to the world-changing.","Windows PC, PlayStation 4, Xbox One, PlayStation 5, Nintendo Switch, Xbox Series","Adventure, RPG",4.3
Resident Evil 4,"Jan 11, 2005","Capcom Production Studio 4, Capcom","Resident Evil 4 is the sixth installment of the Resident Evil series praised as a revolution from the core games. It was the first title to implement a third-person view rather than the original fixed camera angles its predecessors had. Its mechanics have been completely revamped to incorporate fast-paced gunplay, quick controls and shoot-outs involving massive crowds of enemies in more open areas. The brand-new AI system and open environments allow enemies to work together to capture and corner Leon. Enemies are now humans, which allows them to climb up ladders, open doors, and use weapons throughout the game. Resident Evil 4 had one of the most tormented developments in any game, four proposed versions of the game were discarded by the developers before the finished product was released.",Nintendo GameCube,Shooter,4.3
Doom Eternal,"Mar 19, 2020","id Software, Bethesda Softworks",Hell’s armies have invaded Earth. Become the Slayer in an epic single-player campaign to conquer demons across dimensions and stop the final destruction of humanity. The only thing they fear... is you.,"Windows PC, PlayStation 4, Xbox One, PlayStation 5, Nintendo Switch, Google Stadia, Xbox Series",Shooter,4.2
Bayonetta,"Oct 29, 2009","Nex Entertainment, Sega","A member of an ancient witch clan and possessing powers beyond the comprehension of mere mortals, Bayonetta faces-off against countless angelic enemies, many reaching epic proportions, in a game of 100% pure, unadulterated all-out action. Outlandish finishing moves are performed with balletic grace as Bayonetta flows from one fight to another. With magnificent over-the-top action taking place in stages that are a veritable theme park of exciting attractions, Bayonetta pushes the limits of the action genre, bringing to life its fast-paced, dynamic climax combat.","Windows PC, Wii U, Xbox 360, PlayStation 3, Nintendo Switch","Brawler, Shooter",3.9
Pizza Tower,"Jan 26, 2023",Tour De Pizza,"Pizza Tower is a 2D platformer mainly inspired by Wario Land and Earthworm Jim. The game has over-the-top hand-drawn animations and music. You play as Peppino Spaghetti, a manic pizza man with many abilities like charging, super jumping and dashing. Peppino has to go up each floor of the tower by finding keys, saving toppins folks and getting as many points as possible!",Windows PC,"Indie, Platform",4.4
The Elder Scrolls V: Skyrim,"Nov 10, 2011","Bethesda Softworks, Bethesda Game Studios","Skyrim reimagines and revolutionizes the open-world fantasy epic, bringing to life a complete virtual world open for you to explore any way you choose. Play any type of character you can imagine, and do whatever you want; the legendary freedom of choice, storytelling, and adventure of The Elder Scrolls is realized like never before.","Windows PC, Xbox 360, PlayStation 3","Adventure, RPG",3.8
Devil May Cry 5,"Mar 08, 2019","Capcom, Capcom Development Division 1","Devil May Cry 5 is a brand-new entry in the legendary over-the-top action series Devil May Cry. The game features three playable characters, each with a radically different stylish combat play style as they take on the city overrun with demons. Developed with Capcom’s in-house proprietary RE engine, the series continues to achieve new heights in fidelity with graphics that utilize photorealistic character designs and stunning lighting and environmental effects.","Windows PC, PlayStation 4, Xbox One","Adventure, Brawler",4.3
The Legend of Zelda: Ocarina of Time,"Nov 21, 1998","Nintendo EAD, Nintendo","The Legend of Zelda: Ocarina of Time is the fifth main installment of The Legend of Zelda series and the first to be released for the Nintendo 64. It was one of the most highly anticipated games of its age, and is listed among the greatest video games ever created by numerous websites and magazines. The gameplay of Ocarina of Time was revolutionary for its time, it has arguably made more of an impact on later games in the series than any of its predecessors even though they had the same cores of exploration, dungeons, puzzles and item usage. Among the gameplay mechanics, one of the most noteworthy is the time-traveling system. The game begins with the player controlling the child Link, but later on an adult Link becomes a playable character as well and each of them has certain unique abilities. Ocarina of Time also introduces the use of music to solve puzzles: as new songs are learned, they can be used to solve puzzles, gain access to new areas and warp to different locations. Dungeon exploration is somewhat more puzzle-oriented than in earlier games but they are not too complex.","Wii U, Wii, Nintendo 64","Adventure, RPG",4.3
Overwatch 2,"Oct 04, 2022",Blizzard Entertainment,"Reunite and stand together in a new age of heroes. Overwatch 2 builds on an award-winning foundation of epic competitive play, and challenges the worldâ€™s heroes to team up, power up, and take on an overwhelming outbreak of threats around the globe.","Windows PC, PlayStation 4, Xbox One, PlayStation 5, Nintendo Switch, Xbox Series",Shooter,2.6
Persona 5,"Sep 15, 2016","Atlus, Atlus USA","Persona 5, a turn-based JRPG with visual novel elements, follows a high school student with a criminal record for a crime he didn't commit. Soon he meets several characters who share similar fates to him, and discovers a metaphysical realm which allows him and his friends to channel their pent-up frustrations into becoming a group of vigilantes reveling in aesthetics and rebellion while fighting corruption.","PlayStation 4, PlayStation 3","Adventure, RPG, Turn Based Strategy",4.1
Shin Megami Tensei V,"Nov 12, 2021","Sega, Atlus","Shin Megami Tensei V, the fifth numbered game of the Shin Megami Tensei series, is a role-playing video game set in modern-day Tokyo. It will feature returning gameplay elements from previous games, such as the ability to fuse demons, along with new mechanics.",Nintendo Switch,"Adventure, RPG, Turn Based Strategy",3.8
Final Fantasy VII Remake,"Apr 10, 2020",Square Enix,"A spectacular re-imagining of one of the most visionary games ever, Final Fantasy VII Remake rebuilds and expands the legendary RPG for today. The first game in this project is set in the eclectic city of Midgar and presents a fully standalone gaming experience.","PlayStation 4, PlayStation 5","Adventure, RPG",4.1
Neon White,"Jun 16, 2022","Ben Esposito, Annapurna Interactive","Neon White is a lightning fast first-person action game about exterminating demons in Heaven. You are White, an assassin handpicked from Hell to compete with other demon slayers for a chance to live permanently in Heaven. The other assassins seem familiar, though… did you know them in a past life?","Windows PC, PlayStation 4, PlayStation 5, Nintendo Switch","Indie, Platform, Shooter, Visual Novel",4.1
Fortnite,"Jul 25, 2017",Epic Games,"Fortnite is the completely free online game where you and your friends fight to be the last one standing in Battle Royale, join forces to make your own Creative games, or catch a live show at Party Royale.","Windows PC, Android, Mac, PlayStation 4, iOS, Xbox One, PlayStation 5, Nintendo Switch, Xbox Series","Adventure, RPG, Shooter, Strategy",2.8
Dark Souls,"Sep 22, 2011","Bandai Namco Entertainment, FromSoftware","An action RPG and spiritual sequel to Demon's Souls in which the player embodies the Chosen Undead, who is tasked with fulfilling an ancient prophecy by ringing the Bells of Awakening in the dark fantasy setting of Lordran, an open world with intricate areas full of beasts, former humans gone hollow, and magical abominations whom the player must overcome in challenging and unforgiving combat.","Windows PC, Xbox 360, PlayStation 3","Adventure, RPG",4.3
Metal Gear Solid,"Sep 03, 1998","Konami, Konami Computer Entertainment Japan","Metal Gear Solid is a stealth game created by Hideo Kojima which follows the MSX2 video games Metal Gear and Metal Gear 2: Solid Snake. Despite a transition to 3D, Metal Gear Solid's gameplay remains similar to his predecessors. The game utilizes a traditional top-down view and the player must navigate the protagonist Solid Snake through the game's areas without being detected. Detection will set off an alarm which draws armed enemies to his location. Conversations with Snake's allies and cutscenes are used extensively to advance the plot and gain more insight into it. Metal Gear Solid is regarded as one of the greatest and most important video games of all time, and helped popularize the stealth genre and in-engine cinematic cutscenes.","PlayStation 3, PlayStation, PlayStation Vita, PlayStation Portable","Adventure, Puzzle, Tactical",4.2
Vampire Survivors,"Dec 17, 2021",Poncle,"Mow thousands of night creatures and survive until dawn! Vampire Survivors is a gothic horror casual game with rogue-lite elements, where your choices can allow you to quickly snowball against the hundreds of monsters that get thrown at you.","Windows PC, Android, Mac, iOS, Xbox One, Xbox Series","Arcade, Indie, RPG",3.7
Star Wars Jedi: Fallen Order,"Nov 15, 2019","Respawn Entertainment, Electronic Arts","Star Wars Jedi: Fallen Order is a narratively driven, single-player game puts you in the role of a Jedi Padawan who narrowly escaped the purge of Order 66 following the events of Episode III: Revenge of the Sith. On a quest to rebuild the Jedi Order, you must pick up the pieces of your shattered past to complete your training, develop new powerful Force abilities and master the art of the iconic lightsaber - all while staying one step ahead of the Empire and its deadly Inquisitors.","Windows PC, PlayStation 4, Xbox One, PlayStation 5, Google Stadia, Xbox Series",Adventure,3.7
Sonic Frontiers,"Nov 08, 2022","Sega, Sonic Team","Worlds will collide in Sonic the Hedgehog’s newest adventure.
An experience like never before, accelerate to new heights and experience the thrill of high velocity open-zone freedom. Battle powerful enemies as you speed through the Starfall Islands - landscapes brimming with dense forests, overflowing waterfalls, sizzling deserts and more!","Windows PC, PlayStation 4, Xbox One, PlayStation 5, Nintendo Switch, Xbox Series","Adventure, Platform",3.6
Inscryption,"Oct 19, 2021","Devolver Digital, Daniel Mullins Games","Inscryption is an inky black card-based odyssey that blends the deckbuilding roguelike, escape-room style puzzles, and psychological horror into a blood-laced smoothie. Darker still are the secrets inscrybed upon the cards...","Windows PC, Mac, Linux, PlayStation 4, Xbox One, PlayStation 5, Nintendo Switch, Xbox Series","Adventure, Card & Board Game, Indie, Puzzle, Strategy",4.1
BioShock,"Aug 21, 2007","2K Games, 2K Boston","BioShock is a horror-themed first-person shooter set in a steampunk underwater dystopia. The player is urged to turn everything into a weapon: biologically modifying their own body with Plasmids, hacking devices and systems, upgrading their weapons, crafting new ammo variants, and experimenting with different battle techniques are all possible. The game is described by the developers as a spiritual successor to their previous PC title System Shock 2. BioShock received high praise in critical reviews for its atmospheric audio and visual quality, absorbing and original plot and its unique gaming experience.","Windows PC, Mac, Xbox 360, PlayStation 3","Adventure, Puzzle, RPG, Shooter",4.0
Tunic,"Mar 16, 2022","Andrew Shouldice, Finji","Tunic is an action adventure about a tiny fox in a big world. Explore the wilderness, discover spooky ruins, and fight terrible creatures from long ago.","Windows PC, Mac, PlayStation 4, Xbox One, PlayStation 5, Nintendo Switch, Xbox Series","Adventure, Indie, Puzzle, RPG",3.9
Fall Guys,"Aug 04, 2020","Devolver Digital, Mediatonic","Fall Guys flings hordes of contestants together online in a mad dash through round after round of escalating chaos until one victor remains! Battle bizarre obstacles, shove through unruly competitors, and overcome the unbending laws of physics to avoid both humiliation and elimination. Leave your dignity at the door and prepare for hilarious failure in your quest for the crown.","Windows PC, PlayStation 4, Xbox One, PlayStation 5, Nintendo Switch, Xbox Series","Indie, Platform, Sport",3.0
BioShock Infinite,"Feb 26, 2013","Irrational Games, 2K Games","BioShock Infinite is the third game in the BioShock series. It is not a direct sequel/prequel to any of the previous BioShock games but takes place in an entirely different setting, although it shares similar features, gameplay and concepts with the previous games. BioShock Infinite features a range of environments that force the player to adapt, with different weapons and strategies for each situation. Interior spaces feature close combat with enemies, but unlike previous games set in Rapture, the setting of Infinite contains open spaces with emphasis on sniping and ranged combat against as many as fifteen enemies at once.","Windows PC, Mac, Xbox 360, Linux, PlayStation 4, PlayStation 3, Xbox One, Nintendo Switch","Adventure, Shooter",3.5
Marvel's Spider-Man: Miles Morales,"Nov 12, 2020","Insomniac Games, Sony Interactive Entertainment",The latest adventure in the Spider-Man universe will build on and expand ‘Marvel’s Spider-Man’ through an all-new story. Players will experience the rise of Miles Morales as he masters new powers to become his own Spider-Man.,"Windows PC, PlayStation 4, PlayStation 5","Adventure, Brawler",3.9
Yakuza: Like a Dragon,"Jan 16, 2020","Sega, Ryū Ga Gotoku Studios","Become Ichiban Kasuga, a low-ranking yakuza grunt left on the brink of death by the man he trusted most. Take up your legendary bat and get ready to crack some underworld skulls in dynamic RPG combat set against the backdrop of modern-day Japan.","Windows PC, PlayStation 4, Xbox One, PlayStation 5, Xbox Series","Adventure, RPG, Turn Based Strategy",4.3
It Takes Two,"Mar 25, 2021","Hazelight Studios, Electronic Arts","Embark on the craziest journey of your life in It Takes Two, a genre-bending platform adventure created purely for co-op. Invite a friend to join for free with Friend’s Pass and work together across a huge variety of gleefully disruptive gameplay challenges. Play as the clashing couple Cody and May, two humans turned into dolls by a magic spell. Together, trapped in a fantastical world where the unpredictable hides around every corner, they are reluctantly challenged with saving their fractured relationship.","Windows PC, PlayStation 4, Xbox One, PlayStation 5, Nintendo Switch, Xbox Series","Adventure, Platform, Puzzle",4.2
Metroid Prime Remastered,"Feb 08, 2023","Nintendo, Retro Studios","Get behind the visor of intergalactic bounty hunter Samus Aran in her critically-acclaimed first-person adventure.
Step into the boots of Samus Aran as you navigate the winding paths and interconnected environments of an alluring-yet-dangerous alien planet. Use powers like the iconic Morph Ball and Grapple Beam to revisit hard-to-reach areas and find a path forward. With revamped graphics, sound, unlockable art, and updated control schemes, Samus’ 3D platforming debut has reached greater heights. Calm and capable, Samus takes on this solo mission...but she is far from alone.",Nintendo Switch,"Adventure, Platform, Shooter",4.4
Chrono Trigger,"Mar 11, 1995",Square,"In this turn-based Japanese RPG, young Crono must travel through time through a misfunctioning teleporter to rescue his misfortunate companion and take part in an intricate web of past and present perils. The adventure that ensues soon unveils an evil force set to destroy the world, triggering Crono's race against time to change the course of history and bring about a brighter future.","PlayStation 3, Super Famicom, SNES, Wii, PlayStation, Satellaview","Adventure, RPG",4.5
Animal Crossing: New Horizons,"Mar 19, 2020","Nintendo EPD, Nintendo","Escape to a deserted island and create your own paradise as you explore, create, and customize in Animal Crossing: New Horizons. Your island getaway has a wealth of natural resources that can be used to craft everything from tools to creature comforts. You can hunt down insects at the crack of dawn, decorate your paradise throughout the day, or enjoy sunset on the beach while fishing in the ocean. The time of day and season match real life, so each day on your island is a chance to check in and find new surprises all year round.",Nintendo Switch,Simulator,3.6
Super Mario World,"Nov 21, 1990","Nintendo, Nintendo EAD","A 2D platformer and first entry on the SNES in the Super Mario franchise, Super Mario World follows Mario as he attempts to defeat Bowser's underlings and rescue Princess Peach from his clutches. The game features a save system, a less linear world map, an expanded movement arsenal and numerous new items for Mario, alongside new approaches to level design and art direction.","Wii U, Super Famicom, SNES, Wii, Nintendo Switch, New Nintendo 3DS","Adventure, Platform",4.2
Metal Gear Solid 2: Sons of Liberty,"Nov 13, 2001","Konami, Konami Computer Entertainment Japan","Metal Gear Solid 2: Sons of Liberty is the sequel to the espionage action game Metal Gear Solid. Much of the gameplay remains the same, as the game's protagonist has to sneak past guards, outsmart them using various gadgets and defeat the tricky boss enemies. The game expanded its predecessor's cover mechanic, with Solid Snake or Raiden able to take cover behind walls or objects and pop out to shoot at enemies, while the improved enemy AI allowed enemies to also take cover from the player. Metal Gear Solid 2 is considered to be one of the greatest video games of all time, as well as a leading example of artistic expression in video games.",PlayStation 2,Adventure,4.4
Death Stranding,"Nov 08, 2019","Sony Interactive Entertainment, Kojima Productions","From legendary game creator Hideo Kojima comes an all-new, genre-defying open world action adventure, starring Norman Reedus, Mads Mikkelsen, Léa Seydoux and Lindsay Wagner.
In the near future, mysterious explosions have rocked the globe, setting off a series of supernatural events known as the Death Stranding. With otherworldly creatures plaguing the landscape, and mass extinction imminent, it’s up to Sam Porter Bridges to travel across the ravaged wasteland and save humanity from impending annihilation.","Windows PC, PlayStation 4","Adventure, RPG, Shooter",3.9
The Legend of Zelda: Majora's Mask,"Apr 27, 2000","Nintendo, Nintendo EAD","The Legend of Zelda: Majora's Mask is a direct sequel to Ocarina of Time, it utilizes the same engine and visual style as its predecessor. The game retains the traditional elements of Zelda games as well as those introduced in Ocarina of Time, such as active blocking with a shield, various throwing items, and the usage of melodies played on the ocarina to solve puzzles. Compared to the previous Zelda games, this installment is more oriented towards interaction with NPCs and has a larger variety of items, optional quests, and mini-games. It also includes a time system that spans three days, and this cycle must be reset periodically to progress through the game.","Wii U, Wii, Nintendo 64",Adventure,4.4
Resident Evil 7: Biohazard,"Jan 24, 2017",Capcom,"Resident Evil 7: Biohazard is the first game of the Resident Evil series to switch from 3rd-person to fully 1st-person perspective. A complete refresh of gameplay systems simultaneously propels the survival horror experience to another level. It is as much horror as it is survival, boosting up scare elements and minimizing downright shooting action. The game allows use of Sony's PSVR Headset to play in VR mode.","Windows PC, PlayStation 4, PlayStation VR, Xbox One, PlayStation 5, Google Stadia, Xbox Series","Adventure, Puzzle, Shooter",3.9
Dark Souls: Remastered,"May 23, 2018","Bandai Namco Entertainment, QLOC","Dark Souls Remastered is a remastered version of the original game Dark Souls. The updated version of the game features graphical enhancements, an expanded online mode, and the Artorias of the Abyss DLC.","Windows PC, PlayStation 4, Xbox One, Nintendo Switch","Adventure, RPG",4.3
Super Mario Bros.,"Sep 13, 1985","Nintendo, Nintendo R&D4","A side scrolling 2D platformer and first entry in the Super Mario franchise, Super Mario Bros. follows Italian plumber Mario as he treks across many levels of platforming challenges featuring hostile enemies to rescue Princess Peach from the evil king Bowser.","Wii U, Arcade, Wii, Family Computer Disk System, Nintendo 3DS, NES, Family Computer (FAMICOM)","Adventure, Platform",3.5
The Last of Us,"Jun 14, 2013","Naughty Dog, Sony Computer Entertainment","A third person shooter/stealth/survival hybrid, in which twenty years after the outbreak of a parasitic fungus which takes over the neural functions of humans, Joel, a Texan with a tragic familial past, finds himself responsible with smuggling a fourteen year old girl named Ellie to a militia group called the Fireflies, while avoiding strict and deadly authorities, infected fungal hosts and other violent survivors.",PlayStation 3,"Adventure, Shooter",4.2
Terraria,"May 16, 2011","Re-Logic, Headup Games","Dig, Fight, Explore, Build: The very world is at your fingertips as you fight for survival, fortune, and glory. Will you delve deep into cavernous expanses in search of treasure and raw materials with which to craft ever-evolving gear, machinery, and aesthetics? Perhaps you will choose instead to seek out ever-greater foes to test your mettle in combat? Maybe you will decide to construct your own city to house the host of mysterious allies you may encounter along your travels? In the World of Terraria, the choice is yours!","Windows PC, Android, Mac, Wii U, Xbox 360, Linux, PlayStation 4, iOS, PlayStation 3, Nintendo 3DS, Windows Phone, Xbox One, PlayStation Vita, Nintendo Switch, Google Stadia","Adventure, Indie, Platform, RPG, Simulator, Strategy",4.0
Castlevania: Symphony of the Night,"Mar 20, 1997",Konami,"A seminal 2D metroidvania in which after the events of Castlevania: Rondo of Blood (1993), a man named Alucard arrives at Dracula's castle after it rises from the rubble, and seeks to defeat the evil contained within it once and for all by exploring, fighting its inhabitants and collecting the various weapons and abilities hidden in its depths.","Xbox 360, PlayStation 3, PlayStation, PlayStation Vita","Adventure, Platform, RPG",4.4
EarthBound,"Aug 27, 1994","Nintendo, Creatures Inc.","A turn-based JRPG and sequel to then-Japan-only Earthbound Beginnings (1989) in which Ness, a young boy living in a land based on the USA, leaves home to go on an adventure through strange locations, get to know quirky characters and defeat an unknowable alien threat called Giygas while facing up to the realities of growing up and becoming familiar with the real world.","Wii U, Super Famicom, SNES, New Nintendo 3DS","Adventure, RPG, Turn Based Strategy",4.2
Metal Gear Solid V: The Phantom Pain,"Sep 01, 2015","Konami, Kojima Productions","Metal Gear Solid V: The Phantom Pain is the final game in the Metal Gear series. It is the sequel to Metal Gear Solid V: Ground Zeroes released the year before and a prequel to the original Metal Gear. The game has a complex story with long cut-scene sequences, but there are fewer and they are shorter compared to earlier Metal Gear Solid titles. Most of the gameplay mechanics introduced in Ground Zeroes are carried over: it is still an action game and stealth oriented but replaces the linear corridor design from most earlier titles with large open world environments that offer the player unrestricted freedom for the approach. The world has now a real-time day and night cycle and various weather effects that influence enemy behaviour, visibility and sound. Sabotaging or destroying certain structures can also influence other parts of the map.","Windows PC, Xbox 360, PlayStation 4, PlayStation 3, Xbox One","Adventure, Shooter, Tactical",3.8
Half-Life 2,"Nov 16, 2004","Sierra Entertainment, Valve","1998. HALF-LIFE sends a shock through the game industry with its combination of pounding action and continuous, immersive storytelling.
NOW. By taking the suspense, challenge and visceral charge of the original, and adding startling new realism and responsiveness, Half-Life 2 opens the door to a world where the player's presence affects everything around them, from the physical environment to the behaviors even the emotions of both friends and enemies.","Windows PC, Android, Mac, Xbox, Xbox 360, Linux, PlayStation 3",Shooter,4.3
Super Metroid,"Mar 19, 1994","Nintendo R&D1, Nintendo","The Space Pirates, merciless agents of the evil Mother Brain, have stolen the last Metroid from a research station, and once again Mother Brain threatens the safety of the galaxy! Samus Aran must don her awesome array of high-tech weaponry to retrieve the deadly Metroid hidden deep within the cave-riddled planet Zebes. Super Metroid features excellent graphics, with a huge variety of enemies and worlds to explore. The side-view action will be familiar to many players, only now there are new weapons and items, including the Grappling Beam, which allows Samus to swing across large chasms, and the X-Ray Scope, which reveals secret passages.","Wii U, Super Famicom, SNES, Wii, New Nintendo 3DS","Adventure, Platform, Shooter",4.3
Deltarune: Chapter 2,"Sep 17, 2021","8-4, tobyfox","Deltarune: Chapter 2 is the next installment of the sequel to beloved indie darling Undertale...in a different world! This time around, two more classmates join the protagonists in their adventure as they, too, discover a mysterious world hidden behind a door, called the ""Cyber World"".
Players with no save data will be able to start right at Chapter 2. “As long as you generally remember what happened story-wise, you’ll be fine,” the developers said in an FAQ.","Windows PC, Mac, PlayStation 4, Nintendo Switch","Adventure, Indie, RPG, Turn Based Strategy",4.3
Grand Theft Auto: San Andreas,"Oct 26, 2004","TransGaming Inc., Rockstar Games","Returning after his mother's murder to the semi-fictional city of Los Santos (based on Los Angeles), Carl Johnson, a former gang banger, must take back the streets for his family and friends by gaining respect and once again gaining control over the streets. However, a story filled with crime, lies and corruption will lead him to trudge the entire state of San Andreas (based on California and Nevada) to rebuild his life.","Windows PC, Android, Mac, Xbox, Xbox 360, PlayStation 4, iOS, PlayStation 3, PlayStation 2","Adventure, Racing, Shooter",4.1
Mario Kart 8 Deluxe,"Apr 28, 2017","Nintendo of America, Nintendo EPD","Hit the road with the definitive version of Mario Kart 8 and play anytime, anywhere! Race your friends or battle them in a revised battle mode on new and returning battle courses. Play locally in up to 4-player multiplayer in 1080p while playing in TV Mode. Every track from the Wii U version, including DLC, makes a glorious return. Plus, the Inklings appear as all-new guest characters, along with returning favorites, such as King Boo, Dry Bones, and Bowser Jr.!",Nintendo Switch,"Arcade, Racing",4.0
Devil May Cry,"Aug 23, 2001","Capcom Production Studio 4, Capcom","Originally intended to be the fourth installment in the Resident Evil series, Devil May Cry is an action-adventure game that introduced a host of new elements to the gaming community. Chief among them is the Stylish Rank, which grades the player's performance in combat. The game is split into Missions, which are individually scored according to various factors, such as Orbs gathered and damage taken. Additionally, Devil May Cry did away with the pre-rendered backgrounds of prior Resident Evil games in order to allow for a dynamic camera system.",PlayStation 2,Brawler,3.5
Hotline Miami,"Oct 23, 2012","Dennaton Games, Devolver Digital","A top-down slasher/shooter with unlockable gameplay-altering masks and weapons, featuring a neon-flavoured electronic aesthetic, in which a hitman receives anonymous calls ordering him to travel to certain residences and crime dens and massacre those within, as he stumbles through unreal visions and inconsistencies without any answers to how, why or who.","Windows PC, Android, Mac, Linux, PlayStation 4, PlayStation 3, Xbox One, PlayStation Vita, Nintendo Switch, Google Stadia","Arcade, Indie, Shooter",4.0
Fire Emblem Engage,"Jan 20, 2023","Intelligent Systems, Nintendo","Become the Divine Dragon and save the continent of Elyos!
Summon valiant heroes like Marth & Celica alongside a new cast of characters and engage in turn-based, tactical combat against a great evil in this new Fire Emblem story.",Nintendo Switch,"Adventure, RPG, Strategy, Tactical, Turn Based Strategy",3.8
Persona 3 FES,"Apr 19, 2007","Koei, Atlus","Shin Megami Tensei: Persona 3 FES is an add-on disc for Persona 3 containing updates to the original game (referred in the game as ""The Journey""), as well as a new epilogue story, The Answer, in which the player controls Aigis. The subtitle ""Fes"" is derived from the word ""festival"".","PlayStation 3, PlayStation 2","RPG, Simulator, Visual Novel",4.1
Overwatch,"May 24, 2016","Blizzard Entertainment, Square Enix","Join the fight for the future in the world of Overwatch and choose your hero from a diverse cast of soldiers, scientists, adventurers, and oddities. Bend time, defy physics, and unleash a dizzying array of extraordinary powers and weapons. Engage your enemies in iconic locations from around the globe in the ultimate team-based shooter.","Windows PC, PlayStation 4, Xbox One, Nintendo Switch","Shooter, Strategy",3.2
Fire Emblem: Three Houses,"Jul 25, 2019","Intelligent Systems, Nintendo","Here, order is maintained by the Church of Seiros, which hosts the prestigious Officer’s Academy within its headquarters. You are invited to teach one of its three mighty houses, each comprised of students brimming with personality and represented by a royal from one of three territories. As their professor, you must lead your students in their academic lives and in turn-based, tactical RPG battles wrought with strategic, new twists to overcome. Which house, and which path, will you choose?",Nintendo Switch,"Adventure, RPG, Strategy, Tactical, Turn Based Strategy",4.0
13 Sentinels: Aegis Rim,"Nov 28, 2019","Vanillaware, Atlus USA","Uncover the truth and delve into a 2D sidescrolling adventure featuring gorgeous art and environments. Then, battle the kaiju in fast-paced, top-down combat. Customize the Sentinels with an arsenal of mechsuit weaponry, and fight to defend humanity!","PlayStation 4, Nintendo Switch","Adventure, Simulator, Strategy, Tactical",4.3
Batman: Arkham Asylum,"Aug 25, 2009","Eidos Interactive, Rocksteady Studios","Using a great variety of gadgets you must make your way around the island, and the asylums halls to find and stop the joker. The game uses a 3-button combat system, but with a great number of gadget abilites which Batman can unlock. This makes for a very cinematic combat experience when fighting the Joker's goons.","Windows PC, Mac, Xbox 360, PlayStation 3, Ouya","Adventure, Brawler",3.9
Half-Life,"Nov 19, 1998","Valve, Sierra Entertainment","Dr. Gordon Freeman doesn't speak, but he's got a helluva story to tell. This first-person roller-coaster initiated a new era in the history of action games by combining engrossing gameplay, upgraded graphics, ingenious level design and a revolutionary story that may not be all that it seems, told not through cutscenes, but through the visual environment.","Windows PC, Mac, Linux, PlayStation 2","Adventure, Puzzle, Shooter",4.0
Mother 3,"Apr 20, 2006","HAL Laboratory, Nintendo","A turn-based JRPG and sequel to EarthBound (1994) in which a tragedy surrounding a family in the primitive yet joyful village of Tazmily incites the coming-of-age story of Lucas, the family's younger son, who goes on perilous adventures along with his friends in order to find his missing brother and stop a group of masked men from bringing about the end of the world.","Wii U, Game Boy Advance","RPG, Turn Based Strategy",4.5
Super Mario Sunshine,"Jul 19, 2002","Nintendo EAD, Nintendo","Super Mario Sunshine is a Mario action-adventure 3D platformer. It follows Super Mario 64, and is the second 3D Mario platformer. Gameplay features a combination of action and puzzle solving, with numerous stages and multiple episodes to each stage, and plenty of hidden secrets and surprises. This game introduced many recurring characters and bosses in the Mario series, including Toadsworth, Bowser Jr., Petey Piranha, Gooper Blooper, Piantas, Nokis, Shadow Mario, and F.L.U.D.D. Super Mario Sunshine pays homage to Mario's Italian heritage and upbringing, with many of the locations in the game having Italian names and sometimes referencing Italian culture.",Nintendo GameCube,"Adventure, Platform",3.7
Pokémon Violet,"Nov 18, 2022","Game Freak, Nintendo","The Pokémon Scarlet and Pokémon Violet games, the newest chapters in the Pokémon series, are coming to Nintendo Switch later this year. With these new titles, the Pokémon series takes a new evolutionary step, allowing you to explore freely in a richly expressed open world.
Various towns blend seamlessly into the wilderness with no borders. You’ll be able to see the Pokémon of this region in the skies, in the seas, in the forests, on the streets—all over! You’ll be able to experience the true joy of the Pokémon series—battling against wild Pokémon in order to catch them—now in an open-world game that players of any age can enjoy.​",Nintendo Switch,"Adventure, RPG, Turn Based Strategy",3.5
Xenoblade Chronicles: Definitive Edition,"May 29, 2020","Nintendo, Monolith Soft","Discover the origins of Shulk as he and his companions clash against a seemingly-unstoppable mechanical menace. Wield a future-seeing blade, chain together attacks, and carefully position your party members in strategic, real-time combat as you journey across a massive world.",Nintendo Switch,RPG,4.3
Left 4 Dead 2,"Nov 17, 2009","Turtle Rock Studios, Valve","Left 4 Dead 2 is a cooperative first-person shooter video game, the sequel to Valve Corporation's Left 4 Dead. The Game builds upon cooperatively focused gameplay and Valve's proprietary Source engine, the same game engine used in the original Left 4 Dead. Set during the aftermath of an apocalyptic pandemic, Left 4 Dead 2 focuses on four new Survivors, fighting against hordes of the Infected, who develop severe psychosis and exhibit zombie-like tendencies. The Survivors must fight their way through five campaigns, interspersed with safe houses that act as checkpoints, with the goal of escape at each campaign's finale.","Windows PC, Mac, Xbox 360, Linux",Shooter,3.9
Batman: Arkham City,"Oct 18, 2011","DC Entertainment, Rocksteady Studios","After the events of Batman: Arkham Asylum (2009), a section of the city of Gotham has been turned into a prison, designed to keep the scum of the city away from the people. Bruce Wayne protests this prison but is shortly kidnapped by the despicable Hugo Strange, thus having to face the city's most powerful villains as the Batman while trying to uncover Strange's plans.","Windows PC, Xbox 360, PlayStation 3, OnLive Game System","Adventure, Brawler",4.1
Psychonauts 2,"Aug 24, 2021","Xbox Game Studios, Double Fine Productions","Psychonauts 2 is a mind-bending trip through the strange worlds hiding inside our brains. Freshly-minted special agent and acrobat extraordinaire Razputin “Raz” Aquato returns to unpack emotional baggage and expand mental horizons. Along the way he’ll help new friends, like this magical mote of light voiced (and sung) by Jack Black. Raz must use his powers to unravel dark mysteries about the Psychonauts team and his own family origins.","Windows PC, Mac, Linux, PlayStation 4, Xbox One, Xbox Series","Adventure, Platform",4.2
Horizon Zero Dawn,"Feb 28, 2017","Guerrilla Games, Sony Interactive Entertainment","Welcome to a vibrant world rich with the beauty of nature – but inhabited by awe-inspiring, highly advanced machines. As a young machine hunter named Aloy, you must unravel the mysteries of this world and find your own destiny.","Windows PC, PlayStation 4","Adventure, RPG, Shooter",3.6
League of Legends,"Oct 27, 2009","GOA Games Services Ltd., Riot Games","League of Legends is a fast-paced, competitive online game that blends the speed and intensity of an RTS with RPG elements. Two teams of powerful champions, each with a unique design and playstyle, battle head-to-head across multiple battlefields and game modes. With an ever-expanding roster of champions, frequent updates and a thriving tournament scene, League of Legends offers endless replayability for players of every skill level.","Windows PC, Mac","MOBA, RPG, Strategy",2.1
Control,"Aug 27, 2019","505 Games, Remedy Entertainment","Control is a supernatural 3rd person action-adventure will challenge you to master the combination of supernatural abilities, modifiable loadouts and reactive environments while fighting through a deep and unpredictable world.","Windows PC, PlayStation 4, Xbox One, PlayStation 5, Nintendo Switch, Google Stadia, Xbox Series","Adventure, Shooter",3.6
Marvel's Guardians of the Galaxy,"Oct 26, 2021","Square Enix, Eidos Montréal","Fire up a wild ride across the cosmos with a fresh take on Marvel’s Guardians of the Galaxy. In this action-adventure game, you are Star-Lord leading the unpredictable Guardians from one explosion of chaos to the next. You got this. Probably.","Windows PC, PlayStation 4, Xbox One, PlayStation 5, Xbox Series","Adventure, RPG, Shooter",3.8
Yakuza Kiwami,"Jan 21, 2016","Sega Games, Ryū Ga Gotoku Studios",Yakuza Kiwami is a remake of the 2005 open world action-adventure game Yakuza.,"Windows PC, PlayStation 4, PlayStation 3, Xbox One","Adventure, Brawler, RPG",3.7
Danganronpa: Trigger Happy Havoc,"Nov 25, 2010","Spike ChunSoft, NIS America","In ""Danganronpa"" you'll dive into a series of class trials and expose the lies and contradictions of your classmates in order to find out who's behind each grisly murder. In each trial, you'll have to use the evidence and testimony collected during your investigation to literally shoot down your opponent's assertions. By combining logic and motion, ""Danganronpa"" offers an exciting and unprecedented gaming experience.","Windows PC, Android, Mac, Linux, iOS, PlayStation Vita, PlayStation Portable","Adventure, Point-and-Click, Visual Novel",3.5
Halo Infinite,"Nov 15, 2021","Xbox Game Studios, 343 Industries","The Master Chief returns in Halo Infinite – the next chapter of the legendary franchise. When all hope is lost and humanity’s fate hangs in the balance, the Master Chief is ready to confront the most ruthless foe he’s ever faced. Step inside the armor of humanity’s greatest hero to experience an epic adventure and explore the massive scale of the Halo ring.","Windows PC, Xbox One, Xbox Series","Adventure, Shooter",3.3
Cult of the Lamb,"Aug 11, 2022","Devolver Digital, Massive Monster","Cult of the Lamb casts players in the role of a possessed lamb saved from annihilation by an ominous stranger, and must repay their debt by building a loyal following in his name. Start your own cult in a land of false prophets, venturing out into diverse and mysterious regions to build a loyal community of woodland worshippers and spread your Word to become the one true cult.","Windows PC, Mac, PlayStation 4, Xbox One, PlayStation 5, Nintendo Switch, Xbox Series","Adventure, Brawler, Indie, RPG, Simulator, Strategy",3.6
MultiVersus,"Jul 19, 2022","Player First Games, WB Games","MultiVersus is a platform fighter that lets you team up with or against your friends using some of the world’s most iconic characters including Batman, Shaggy, Superman, Bugs Bunny & more. Use unique co-op abilities, find your favorite fighter combos and save the Multiverse!","Windows PC, PlayStation 4, Xbox One, PlayStation 5, Xbox Series",Fighting,2.7
Sonic Mania,"Aug 15, 2017","PagodaWest Games, Sega",Experience the ultimate celebration of past and future in Sonic Mania! Re-live the Sonic of the past with an exciting new twist on classic zones while fighting against new bosses and Dr. Eggman’s evil robot army. Go head to-head with players in Competition Mode or play in Co-Op Mode with a friend.,"Windows PC, PlayStation 4, Xbox One, Nintendo Switch","Adventure, Platform",4.0
Team Fortress 2,"Oct 09, 2007","Electronic Arts, Valve","One of the most popular online action games of all time, Team Fortress 2 delivers constant free updates—new game modes, maps, equipment and, most importantly, hats. Nine distinct classes provide a broad range of tactical abilities and personalities, and lend themselves to a variety of player skills.","Windows PC, Mac, Xbox 360, Linux, PlayStation 3",Shooter,3.9
Hogwarts Legacy,"Feb 10, 2023","Portkey Games, Avalanche Software","Hogwarts Legacy is an immersive, open-world action RPG set in the world first introduced in the Harry Potter books. Now you can take control of the action and be at the center of your own adventure in the wizarding world. Embark on a journey through familiar and new locations as you explore and discover fantastic beasts, customize your character and craft potions, master spell casting, upgrade talents, and become the wizard you want to be. Discover the feeling of living at Hogwarts as you make allies, battle Dark wizards, and ultimately decide the fate of the wizarding world. Your legacy is what you make of it.","Windows PC, PlayStation 4, Xbox One, PlayStation 5, Nintendo Switch, Xbox Series","Adventure, RPG",3.4
Doki Doki Literature Club!,"Sep 22, 2017",Team Salvato,The Literature Club is full of cute girls! Will you write the way into their heart? This game is not suitable for children or those who are easily disturbed.,"Windows PC, Mac, Linux","Adventure, Indie, Visual Novel",3.3
Resident Evil 3,"Apr 03, 2020","K2, Capcom","Resident Evil 3 is a remake of the original Resident Evil 3: Nemesis released in 1999. It updates the story and gameplay for a modern audience. Like the Resident Evil 2 remake, the game uses over-the-shoulder third person point of view similar to Resident Evil 4 and later installments. Players will spend most of their time playing as Jill Valentine, although on some occasions they will assume the role of Carlos Oliveira, giving him more screen time as a deuteragonist.","Windows PC, PlayStation 4, Xbox One, PlayStation 5, Xbox Series","Adventure, Shooter",3.2
The Legend of Zelda: A Link to the Past,"Nov 21, 1991","Nintendo, Nintendo EAD","The Legend of Zelda: A Link to the Past is a top-down action game with puzzle-solving elements similar to the original The Legend of Zelda. After the side-scrolling and RPG-like gameplay of Zelda II: The Adventure of Link, the game is a return to the top-down view and gameplay style of the first installment. It introduces major new items to the series such as the Master Sword and the concept of two different worlds, which was revisited to some extent in Ocarina of Time with two distinct time periods rather than dark and light worlds.","Wii U, Super Famicom, SNES, Wii, New Nintendo 3DS, Satellaview","Adventure, Puzzle",4.1
Xenoblade Chronicles 2,"Dec 01, 2017","Monolith Soft, Nintendo","The next adventure is on the Nintendo Switch console set on the backs of colossal, living Titans. Discover each Titan's diverse regions, culture, wildlife, equipment, and hidden secrets. Find, bond with, and command weaponized life forms known as Blades to earn abilities and enhance them. Uncover the history of Alrest and the mystery of its endless ocean of clouds.",Nintendo Switch,"Adventure, RPG",3.9
Katana Zero,"Apr 18, 2019","Askiisoft, Devolver Digital","Katana Zero is a fast paced neo-noir action platformer, focusing on tight, instant-death acrobatic combat, and a dark 80's neon aesthetic. Aided with your trusty katana, the time manipulation drug Chronos and the rest of your assassin's arsenal, fight your way through a fractured city, and take back what's rightfully yours.","Windows PC, Mac, Xbox One, Nintendo Switch","Adventure, Arcade, Indie, Platform, Strategy",4.1
Phoenix Wright: Ace Attorney,"Sep 15, 2005","Nintendo Australia, Capcom","Meet Phoenix Wright, the rookie defense lawyer new to the scene with the wildest cross-examination skills in town! Take on five intriguing cases to reveal dramatic, stunning, and even comical court proceedings. Use both the touch screen to investigate the crime scenes, question witnesses and present shocking evidence. “Objection!”...It’s outrageous fun! You won’t be able to put down this laugh-out-loud, riveting adventure!",Nintendo DS,"Adventure, Point-and-Click, Puzzle, Visual Novel",4.1
Silent Hill,"Feb 23, 1999","Konami, Team Silent","Silent Hill is the first installment in the Silent Hill series of psychological survival horror video games. Unlike earlier survival horror games that focused on protagonists with combat training, the main character Harry Mason is an average man. The gameplay consists of combat, exploration, and puzzle-solving. The controller vibration is used to indicate Harry's heartbeat and will vibrate on low health. The player must regularly enter an inventory screen to check Harry's health, use items, and equip different weapons.","PlayStation 3, PlayStation, PlayStation Vita, PlayStation Portable","Adventure, Puzzle",4.1
Shadow of the Colossus,"Oct 18, 2005","Sony Computer Entertainment, Team Ico","An open-world action/adventure game in which a young wanderer, along with a stolen magical sword and his steed companion, trespasses a cursed land, makes a deal with an ancient being to bring a sacrificial victim back to life, and sets off to fulfill his end of the bargain, which involves tracking down and infiltrating the abodes of sixteen colossi and sacrificing them to achieve his goal.",PlayStation 2,"Adventure, Platform, Puzzle",4.4
Life is Strange,"Jan 29, 2015","Feral Interactive, DON'T NOD","Life is Strange is a five part episodic game that sets out to revolutionize story based choice and consequence games by allowing the player to rewind time and affect the past, present and future.","Windows PC, Android, Mac, Xbox 360, Linux, PlayStation 4, iOS, PlayStation 3, Xbox One","Adventure, Puzzle, RPG",3.5
Chrome Dino,"Sep 01, 2014",Google,"Chrome Dino is a game easter egg in Google's Chrome web browser. It can be played by touching over the dinosaur or pressing the space bar when your internet connection goes down or by accessing chrome://dino/ on the web browser.
The game is an endless runner. The objective is to jump over cacti an avoid pterodactyls flying in your direction.",Web browser,Arcade,3.5
Fallout 4,"Nov 09, 2015","Bethesda Game Studios, Bethesda Softworks","Bethesda Game Studios welcome you to the world of Fallout 4, their most ambitious game ever, and the next generation of open-world gaming. As the sole survivor of Vault 111, you enter a world destroyed by nuclear war. Every second is a fight for survival, and every choice is yours. Only you can rebuild and determine the fate of the Wasteland. Welcome home.","Windows PC, PlayStation 4, Xbox One, PlayStation 5, Xbox Series","RPG, Shooter",3.2
Dark Souls II: Scholar of the First Sin,"Apr 02, 2015","Bandai Namco Entertainment, FromSoftware","'Dark Souls II: Scholar of the First Sin' is an upgrade and bundle of Dark Souls II that brings the game to Playstation 4 and Xbox One, as well as DX11 features on PC. It also bundles all previous DLCs and provides additional features and content.","Windows PC, Xbox 360, PlayStation 4, PlayStation 3, Xbox One","Adventure, RPG",3.5
Uncharted 4: A Thief's End,"May 10, 2016","Naughty Dog, Sony Interactive Entertainment","Several years after his last adventure, retired fortune hunter, Nathan Drake, is forced back into the world of thieves. With the stakes much more personal, Drake embarks on a globe-trotting journey in pursuit of a historical conspiracy behind a fabled pirate treasure. His greatest adventure will test his physical limits, his resolve, and ultimately what he's willing to sacrifice to save the ones he loves.",PlayStation 4,"Adventure, Shooter",4.1
Borderlands 2,"Sep 18, 2012","Gearbox Software, 2K Games","A new era of shoot and loot is about to begin. Play as one of four new vault hunters facing off against a massive new world of creatures, psychos and the evil mastermind, Handsome Jack. Make new friends, arm them with a bazillion weapons and fight alongside them in 4 player co-op on a relentless quest for revenge and redemption across the undiscovered and unpredictable living planet.","Windows PC, Android, Mac, Xbox 360, Linux, PlayStation 4, PlayStation 3, Xbox One, PlayStation Vita, Nintendo Switch","RPG, Shooter",3.6
Dishonored,"Oct 09, 2012","Arkane Studios, Bethesda Softworks","Dishonored is an immersive first-person action game that casts you as a supernatural assassin driven by revenge. With Dishonored’s flexible combat system, creatively eliminate your targets as you combine the supernatural abilities, weapons and unusual gadgets at your disposal. Pursue your enemies under the cover of darkness or ruthlessly attack them head on with weapons drawn. The outcome of each mission plays out based on the choices you make.","Windows PC, Xbox 360, PlayStation 3","Adventure, Puzzle, RPG",3.9
Ghost of Tsushima,"Jul 17, 2020","Sucker Punch Productions, Sony Interactive Entertainment","Uncover the hidden wonders of Tsushima in this open-world action adventure. Forge a new path and wage an unconventional war for the freedom of Tsushima. Challenge opponents with your katana, master the bow to eliminate distant threats, develop stealth tactics to ambush enemies in order to win over the mongols.",PlayStation 4,"Adventure, Brawler, RPG",4.1
Super Smash Bros. Brawl,"Jan 31, 2008","Sora, Nintendo","Super Smash Bros. Brawl is the third installment in the Super Smash Bros. series and the follow-up to Super Smash Bros. Melee. This edition introduces super attacks referred to as final smashes: activated by destroying smash balls, these feature powerful and often unstoppable attacks, regularly introducing a major transformation of the character. This edition also introduces a brand new adventure mode in The Subspace Emissary which is a side-scrolling adventure in the style of a platformer. It retains all basic mechanics of the Super Smash Bros. series, such as a damage meter, stocks, and Smash-style attacks.",Wii,"Fighting, Platform",3.8
Metal Gear Solid 3: Snake Eater,"Nov 17, 2004","Konami Computer Entertainment Japan, Konami","Metal Gear Solid 3: Snake Eater is the prequel to the entire Metal Gear series. Most of the series' defining gameplay elements have been carried over and as before, Snake must use stealth and wits rather than brute force to infiltrate enemy zones and eliminate his major adversaries. Unlike the previous games, this installment takes place in a large outdoor jungle. Snake is able to use camouflage, climb trees, hide in tall grass or wear clothes that make him less noticeable.",PlayStation 2,"Adventure, Shooter, Tactical",4.5
Super Mario Bros. 3,"Oct 23, 1988","Nintendo R&D4, Nintendo","Super Mario Bros. 3, the third entry in the Super Mario Bros. series and Super Mario franchise, sees Mario or Luigi navigate a nonlinear world map containing platforming levels and optional minigames and challenges. The game features more diverse movement options and new items alongside more complex level designs and boss battles.","Wii U, Arcade, Wii, Nintendo 3DS, NES, Family Computer (FAMICOM)",Platform,4.0
Splatoon 3,"Sep 09, 2022",Nintendo,"Enter the Splatlands, a sun-scorched desert inhabited by battle-hardened Inklings and Octolings. Splatsville, the city of chaos, is the adrenaline-fueled heart of this dusty wasteland. Even in this desolate environment, Turf War reigns supreme and battles rage in new stages located in the surrounding wilds. Dynamic new moves help these fighters dodge attacks and cover more ground, along with a new bow-shaped weapon to sling ink.",Nintendo Switch,"Platform, Shooter",4.1
Psychonauts,"Apr 19, 2005","Double Fine Productions, Majesco Entertainment","A Psychic Odyssey Through the Minds of Misfits, Monsters, and Madmen. This classic action/adventure platformer from acclaimed developers Double Fine Productions follows the story of a young psychic named Razputin.","Windows PC, Mac, Xbox, Xbox 360, Linux, PlayStation 4, PlayStation 3, Xbox One, PlayStation 2","Adventure, Platform, Puzzle",4.0
Deathloop,"Sep 14, 2021","Bethesda Softworks, Arkane Studios","Deathloop transports players to the lawless island of Blackreef in an eternal struggle between two extraordinary assassins. Explore stunning environments and meticulously designed levels in an immersive gameplay experience that lets you approach every situation any way you like. Hunt down targets all over the island in an effort to put an end to the cycle once and for all, and remember, if at first you don’t succeed… die, die again.","Windows PC, PlayStation 5, Xbox Series","Adventure, Shooter",3.5
Batman: Arkham Knight,"Jun 23, 2015","Warner Bros. Interactive Entertainment, Rocksteady Studios","Batman: Arkham Knight brings the award-winning Arkham trilogy from Rocksteady Studios to its epic conclusion. Developed exclusively for New-Gen platforms, Batman: Arkham Knight introduces Rocksteady's uniquely designed version of the Batmobile. The highly anticipated addition of this legendary vehicle, combined with the acclaimed gameplay of the Arkham series, offers gamers the ultimate and complete Batman experience as they tear through the streets and soar across the skyline of the entirety of Gotham City. In this explosive finale, Batman faces the ultimate threat against the city that he is sworn to protect, as Scarecrow returns to unite the super criminals of Gotham and destroy the Batman forever.","Windows PC, PlayStation 4, Xbox One","Adventure, Brawler",3.8
Journey,"Mar 13, 2012","Sony Computer Entertainment, ThatGameCompany","A third-person adventure game in which the player, controlling a robed figure, makes a pilgrimage through a desert landscape to a rugged mountain with a beacon of light in the distance while uncovering the history of their people, rescuing and cooperating with friendly creatures, avoiding predatory ones and communicating with other travelers.","Windows PC, PlayStation 4, iOS, PlayStation 3","Adventure, Platform",3.9
Titanfall 2,"Oct 28, 2016","Respawn Entertainment, Electronic Arts","Titanfall 2 will deliver a crafted experience that explores the unique bond between man and machine. Playable offline, the single player campaign in Titanfall 2 will let fans step out onto the Frontier as a Militia rifleman with aspirations of becoming an elite Pilot. Stranded behind enemy lines and facing overwhelming odds, players must team up with a veteran Titan to uphold a mission they were never meant to carry out.","Windows PC, PlayStation 4, Xbox One","Adventure, Shooter",4.1
Dead Space,"Jan 27, 2023","Electronic Arts, Motive Studios","The sci-fi survival horror classic Dead Space returns, completely rebuilt from the ground up by Motive Studios to offer a deeper and more immersive experience. Harnessing the power of the Frostbite game engine and next generation consoles, this remake brings jaw-dropping visual fidelity and improvements to gameplay while staying true to the original.","Windows PC, PlayStation 5, Xbox Series","Adventure, RPG, Shooter",4.3
No More Heroes,"Dec 06, 2007","Ubisoft Entertainment, Grasshopper Manufacture","The journey to become the #1 assassin begins with a single slice. No More Heroes is the story of Travis Touchdown. He has received orders to kill a vagabond. In front of him appears the handsome assassin Helter Skelter. After a fierce skirmish, Travis eliminates Skelter, upon which Silvia Christel arrives. She informs Travis that his victory was done without UAA permission, but he nonetheless becomes the 11th best assassin. And so Travis’s journey begins. No More Heroes will offer an exhilarating action experience, a thrilling scenario, stylish visuals, and sounds.","Windows PC, Wii, Nintendo Switch","Adventure, Brawler",3.9
Kingdom Hearts,"Mar 28, 2002","Square, Disney Interactive Studios","Kingdom Hearts is an action role-playing game developed and published by Squaresoft for the PlayStation 2. It is the result of a collaboration between Square and The Walt Disney Company. The game combines characters and settings from Disney's animated features with those from the Final Fantasy series, developed by Square.
Kingdom Hearts was a departure from Square's standard role-playing games by introducing a substantial action-adventure element. In addition, it has an all-star voice cast which included many of the Disney characters' official voice actors. Kingdom Hearts was longtime Square character designer Tetsuya Nomura's first time in a directorial position.
The game uses an experience based progression system, with experience gained by defeating foes. Experience gained rises in relation to the strength of the foe, and is consistent for each enemy over the course of the game. Levels are gained with experience, and provide increases to stat attributes in strength, defence, magic, hit points, magic points and ability points, with a new, predetermined ability unlocked approximately every four levels.",PlayStation 2,"Adventure, RPG",3.6
Doom,"Dec 10, 1993","Activision, id Software","In the future, humans have left Earth and settled throughout the galaxy. On Mars, the Union Aerospace Corporation has established a radioactive waste facility and allowed the military to conduct teleportation experiments on the nearby moons of Deimos and Phobos. Hours ago, the base on Mars began receiving incoherent distress messages from Phobos, while Deimos has disappeared completely. With all attempts to establish contact failing, you and your team have been dispatched to investigate. Upon arrival, you secure the perimeter as the rest of your team enters the facility. As you stand guard, your radio crackles with the sound of gunfire, cracking bones and blood-curdling screams and eventually falls silent. Alone, with no way off the planet or means to defend yourself other than your trusty pistol, there’s only one way out - into the complex of death and the horrors that await you within. If you plan to get out of here alive you must fend off the hordes of demonic imps, haunting spectres and your undead, former comrades waiting to tear you limb from limb. So, grab the nearest shotgun and blast your way out of this fragging madness!","Windows PC, Mac, Xbox 360, Linux, iOS, Super Famicom, Sega Saturn, SNES, PC-98, PC DOS, Sega 32X, Game Boy Advance, 3DO Interactive Multiplayer, Atari Jaguar",Shooter,4.0
Sifu,"Feb 08, 2022","Kepler Interactive, Sloclap","A third person action game featuring intense hand-to-hand combat, it puts you in control of a young Kung-Fu student on his path of revenge throughout the city.","Windows PC, PlayStation 4, Xbox One, PlayStation 5, Nintendo Switch, Xbox Series","Brawler, Fighting, Indie",3.8
The Last of Us Remastered,"Jul 26, 2014","Naughty Dog, Sony Computer Entertainment","The Last of Us Remastered is an updated release of the PS3 game The Last of Us. It is identical to the PS3 version but runs at a 1080p resolution and incorporates character models with a higher resolution. There are also improved shadows and lighting, upgraded textures, 60 frames per second and other types of improvements. In addition to the base game, two map packs and the expansion The Last of Us: Left Behind are included.",PlayStation 4,"Adventure, Shooter",4.3
Disco Elysium,"Oct 15, 2019",ZA/UM,"A CRPG in which, waking up in a hotel room a total amnesiac with highly opinionated voices in his head, a middle-aged detective on a murder case inadvertently ends up playing a part in the political dispute between a local labour union and a larger international body, all while struggling to piece together his past, diagnose the nature of the reality around him and come to terms with said reality.","Windows PC, Mac","Adventure, RPG, Turn Based Strategy",4.6
Rocket League,"Jul 06, 2015",Psyonix,"Rocket League is a high-powered hybrid of arcade-style soccer and vehicular mayhem with easy-to-understand controls and fluid, physics-driven competition. Rocket League includes casual and competitive Online Matches, a fully-featured offline Season Mode, special “Mutators” that let you change the rules entirely, hockey and basketball-inspired Extra Modes, and more than 500 trillion possible cosmetic customization combinations.","Windows PC, Mac, Linux, PlayStation 4, Xbox One, PlayStation 5, Nintendo Switch, Xbox Series","Indie, Racing, Sport",3.4
Red Dead Redemption,"May 18, 2010","Rockstar Games, Rockstar North","A modern-day Western epic, Red Dead Redemption takes John Marston, a relic from the fast-closing time of the gunslinger, through an open-world filled with wildlife, mini games and shootouts. Marston sets out to hunt down his old gang mates for the government, who have taken away his family, and meets many characters emblematic of the Wild West, heroism and the new civilization along his journey.","Xbox 360, PlayStation 3","Adventure, RPG, Shooter",4.2
Teenage Mutant Ninja Turtles: Shredder's Revenge,"Jun 16, 2022","DotEmu, Tribute Games","Teenage Mutant Ninja Turtles: Shredder's Revenge reunites Leonardo, Raphael, Michelangelo, and Donatello to kick shell in a beautifully realized pixel art world invoking the turtles' classic 1987 design.","Windows PC, Android, Linux, PlayStation 4, iOS, Xbox One, PlayStation 5, Nintendo Switch, Xbox Series","Arcade, Brawler, Indie",3.8
Sonic the Hedgehog,"Jun 23, 1991","Sonic Team, Sega","Sonic the Hedgehog is a 2D, side-scrolling platformer, whose gameplay centers around Sonic's ability to run at high speed through levels incorporating springs, slopes, high falls, and loop-the-loops. The levels contain hazards in the form of robots (""badniks"" in the Western game manuals) in which Dr. Robotnik has trapped animals. Although destroying a robot frees the animal within, this is not required to complete the game. The player must avoid rows of sharp spikes, falling into bottomless pits, being crushed by moving walls or platforms, and drowning (which can be avoided by breathing air bubbles periodically released from vents). Sonic's main attack is his spin, where he curls into a ball and rotates rapidly (damaging enemies and some obstacles). This can be performed by jumping in the air or rolling on the ground.
Scattered around each level map are gold rings and collecting 100 rings rewards the player with an extra life. Rings are a layer of protection against hazards; if Sonic has at least one ring when he collides with an enemy, he will survive. However, all his rings will be scattered; they will flicker and disappear in a few seconds if they are not picked up again. If Sonic is hit without any rings, he loses a life. Although shields and temporary invincibility may be collected to provide additional protection, certain hazards (such as drowning, being crushed, falling down a bottomless pit or running out of time) will cost Sonic a life regardless of rings or other protection.
The game is divided into six zones (Green Hill, Marble, Spring Yard, Labyrinth, Star Light, and Scrap Brain), each with its own visual style and enemies. A player must navigate through each zone (subdivided into three acts) to progress.
At the end of each zone's third act, the player confronts Dr. Robotnik (who pilots a different vehicle each time) in a boss fight. After the sixth zone, the player continues directly to the Final Zone for a last encounter with Robotnik. They begin with three lives (power-ups and rings add more), which are lost when Sonic collides with hazardous enemies (or objects) without rings, falls off-screen or exceeds an act's ten-minute time limit. Lampposts acting as checkpoints allow Sonic to return to the most-recently activated post when he loses a life. If he loses a life as a result of time running out but has another life, the timer will reset to 0:00 when he returns to the checkpoint. If all lives are lost at any point in the game, the game over screen will appear (when the player can return to the beginning of the act with three lives, if they have any continues).
When Sonic reaches the end of act one or act two of a zone with at least fifty rings, a large ring appears through which he can jump to enter a Special Stage (a ""Secret Zone"" in the original Genesis manual). In each of six Special Stages, Sonic bounces off the bumpers and walls of a rotating maze in spin attack. Although the player earns a continue with each 50 rings found, their main goal is to obtain the Chaos Emerald at the end of the maze without colliding with a ""goal block"" (which ends the level).","Windows PC, Xbox 360, iOS, PlayStation 3, Sega Mega Drive/Genesis, Arcade, Wii",Platform,3.1
The Murder of Sonic the Hedgehog,"Mar 31, 2023",Sega,"A brand new Sonic experience from the minds of the Sonic Social team: The Murder of Sonic the Hedgehog is a visual novel, point-and-click adventure! It's Amy Rose's birthday and she's hosting a murder mystery party on the Mirage Express. When Sonic becomes the game's victim, everyone is off to get to the bottom of things. However, something feels a bit off - is this really an innocent game or something more sinister afoot?","Windows PC, Mac","Indie, Point-and-Click, Simulator, Visual Novel",3.7
Mario Kart Wii,"Apr 10, 2008","Nintendo, Nintendo EAD","Mario Kart Wii is a multiplayer-oriented racing game for the Wii, and the sixth main installment in the Mario Kart series. Mario Kart Wii retains the traditional item-based weaponry familiar with the franchise, where players can select a Mario franchise driver and themed vehicles. As with most racing games, the overarching goal is to place first among other competitors, through the usage of such items and taking the fastest routes to secure the leads. Several new key elements introduced to Mario Kart Wii include increasing the number of racers to 12 racers from 8 racers from previous entries in the series, as well as introducing a new type of vehicle to the franchise: bikes. The game takes advantage of features unique to the Wii, most notably its motion control capabilities. A Wii Wheel is included in most Mario Kart Wii packages, though the game is still compatible with other controllers. Game modes are also present such as the traditional Grand Prix, Versus, Battle, and Time Trial modes.",Wii,Racing,3.9
Wii Sports,"Nov 19, 2006","Nintendo, Nintendo EAD Software Development Group No.2","Bowl like a pro or go for that home run...
Experience Tennis, Baseball, Golf, Bowling and Boxing as you never did before. Thanks to the Wii Remote, each sport will be immediately familiar and easy to play. And, when you feel ready, challenge your friends and family: everybody will be in for some serious Wii Sports fun!",Wii,"Simulator, Sport",3.7
Tomb Raider,"Mar 04, 2013","Square Enix, Crystal Dynamics","Tomb Raider explores the intense and gritty origin story of Lara Croft and her ascent from a young woman to a hardened survivor. Armed only with raw instincts and the ability to push beyond the limits of human endurance, Lara must fight to unravel the dark history of a forgotten island to escape its relentless hold.","Windows PC, Mac, Xbox 360, Linux, PlayStation 3","Adventure, Platform, Puzzle, Shooter",3.5
Super Mario Galaxy 2,"May 23, 2010","Nintendo EAD, Nintendo","Super Mario Galaxy 2 is the sequel to Super Mario Galaxy and the fourth 3D platformer entry in the Mario franchise. The sequel retains many elements from its predecessor, such as the adventure being in outer space, the element of gravity, and recurring objects such as Launch Stars and Sling Stars. Returning items include the Bee Mushroom and the Fire Flower. However, the game introduces new elements as well, such as the utilization of Yoshi, new power-ups like the Cloud Flower, and the use of a guide within the game for beginner players.","Wii U, Wii","Adventure, Platform",4.3
Donkey Kong Country,"Nov 18, 1994",Rare,"Donkey Kong Country is a side scrolling platformer by British developers Rare in 1994. It featured revolutionary pre-rendered 3D graphics that give the game a very unique look compared to most other games on consoles at the time. The two playable characters featured in the game are the titular character, Donkey Kong and his nephew, Diddy Kong. Together the two swing, climb, jump, swim, cartwheel, ride animals, and blast out of barrels on their way to recover their stolen bannanas from the evil King K. Rool and his Kremling army. The adventure takes you through a variety of different environments and levels that continually change up gameplay. Donkey Kong Country also provides plenty of opportunities for exploration with almost every level having a multitude of collectible, shortcuts, and hidden bonus areas.","Wii U, Super Famicom, SNES, Wii, New Nintendo 3DS","Adventure, Platform",3.9
Live A Live,"Jul 22, 2022",Square Enix,"Previously unreleased outside of Japan, the RPG game Live a Live is releasing on the Nintendo Switch system in the HD-2D style!
Seven different stories featuring different protagonists, time periods, and gameplay styles await. In The Wild West, a wanderer with a bounty on his head fights for his life. In the Twilight of Edo Japan, a shinobi undertakes a secret mission. Experience these tales in any order you choose—the adventure is yours to control. What other stories will you uncover on the horizon...?","Windows PC, PlayStation 4, PlayStation 5, Nintendo Switch","Adventure, RPG",4.1
Guilty Gear: Strive,"Jun 11, 2021","Bandai Namco Entertainment Europe, Arc System Works","Discover the Smell of the Game with Guilty Gear: Strive! Immerse yourself in new gameplay mechanics designed to be simple and welcoming for fighting game newcomers, yet deep and creative for veterans. Ride the Fire into a heavy metal inspired alternate future full of over-the-top action, style and fun!","Windows PC, PlayStation 4, Arcade, Xbox One, PlayStation 5, Xbox Series",Fighting,3.9
